[
    {
        "name": "Partner",
        "year": "2016",
        "type": "Utilitário",
        "engine": "1.6",
        "size": "2"
    },
    {
        "name": "Fiorino",
        "year": "2017",
        "type": "Utilitário leve",
        "engine": "1.6",
        "size": "2"
    },
    {
        "name": "Doblo",
        "year": "2018",
        "type": "Minivan",
        "engine": "1.8",
        "size": "7"
    },
    {
        "name": "Toro",
        "year": "2016",
        "type": "Picape média",
        "engine": "1.6",
        "size": "5"
    },
    {
        "name": "Ford Ká",
        "year": "2019",
        "type": "Sedan Compacto",
        "engine": "1.0",
        "size": "5"
    },
    {
        "name": "Versa",
        "year": "2019",
        "type": "Sedan médio",
        "engine": "1.4",
        "size": "5"
    },
    {
        "name": "Jetta",
        "year": "2021",
        "type": "Sedan grande",
        "engine": "2.0",
        "size": "5"
    },
    {
        "name": "Saveiro",
        "year": "2018",
        "type": "Picape leve-média",
        "engine": "1.6",
        "size": "5"
    },
    {
        "name": "Strada",
        "year": "2016",
        "type": "Picape leve",
        "engine": "1.4",
        "size": "2"
    },
    {
        "name": "Camaro",
        "year": "2017",
        "type": "Coupé",
        "engine": "2.0",
        "size": "4"
    },
    {
        "name": "T-Cross",
        "year": "2020",
        "type": "Crossover",
        "engine": "1.6",
        "size": "5"
    },
    {
        "name": "Tiggo 8",
        "year": "2021",
        "type": "SUV Grande",
        "engine": "2.0",
        "size": "7"
    }
]